<?xml version='1.0'?>

<config
		prefixchr="44"
		encryption="1.26.4"
		log_flush="0"
		fix_caption="0"
		log_verbose="0"
		dmenus="0"
		fsnd="0"
		FilterSpeech="1"
		Undead="0"
		MenuTalk="0"
		Tracker="0"
		StlthCnt="1"
		CorpsesAutoOpen="1"
		SmoothWalk="0"
		SocksCap="0"
		RelayIP="82.193.152.13"
		RelayPort="7000"
		VarsLoopback="0"
		CharStat="4"
		NoHungMessage="0"
		TargXYZ="0"
		PoisonRevert="0"
		TrackWorld="1"
		ConColor="1088"
		UnsetSet="0"
		Anonymous="0"
		MultyUO="1"
		IgnoreSocket="0"
		VerFakeT="1.26.4j"
		VerFake="0"
		BattleFilter="0"
		SbarFix="0"
		AntiCrash="1"
		dressspeed="0"
		MaxSellItems="40"
		GraphCaption="1"
		IconCaption="0"
		BarsCaption="1"
		StatLineLen="80"
		AutoStart="0"
		PreBuyDelay="0"
		Sephiroth="0"
		NoRBCheck="0"
		NoRBCalc="0"
		M_ADD_CHARGE_CODE="300"
		M_ADD_RECALL_CODE="92"
		M_ADD_GATE_CODE="93"
		M_PAGE_BASE="202"
		M_SET_DEFAULT_RUNE_BASE="31"
		M_RECALL_RUNE_BASE="1"
		M_GATE_RUNE_BASE="71"
		NoGumpProcess="0"
		ColorMono="690"
		ColorHighlight="1153"
		TextRepl="0"
		TextHighl="0"
		TextMono="0"
		TUSfix="0"
		>

	<shoplist name="nightshade">
		<shopitem name="nightshade" want="-1"/>
	</shoplist>

	<use name="fire" graphic="0x0190"/>
	<use name="stamina" graphic="0x0f0b"/>
	<use name="bandage" graphic="0x0e21"/>
	<use name="heal" graphic="0x0f0c"/>
	<use name="cure" graphic="0x0f07"/>
	<use name="horse" graphic="0x00da"/>
</config>

